{
  "nodes": [
    {
      "GUID": "c541daed-3bb8-467a-9676-225d8a74b1e1",
      "Position": {
        "x": 1043.2,
        "y": 128.0,
        "normalized": {
          "x": 0.992556334,
          "y": 0.121786058,
          "normalized": {
            "x": 0.9925564,
            "y": 0.121786065,
            "magnitude": 1.0,
            "sqrMagnitude": 1.0
          },
          "magnitude": 0.99999994,
          "sqrMagnitude": 0.99999994
        },
        "magnitude": 1051.02344,
        "sqrMagnitude": 1104650.13
      },
      "UniqueName": "TestNode",
      "Fields": "{\r\n  \"textInfo\": \"\"\r\n}"
    }
  ],
  "links": []
}